<?xml version="1.0" encoding="UTF-8"?>
<beans xmlns="http://www.springframework.org/schema/beans"
	xmlns:xsi="http://www.w3.org/2001/XMLSchema-instance" xmlns:context="http://www.springframework.org/schema/context"
	xsi:schemaLocation="http://www.springframework.org/schema/beans 
						http://www.springframework.org/schema/beans/spring-beans.xsd
						http://www.springframework.org/schema/context 
						http://www.springframework.org/schema/context/spring-context-3.1.xsd">


	<context:component-scan base-package="com.tcs" />


	<context:annotation-config />
	<bean
		class="org.springframework.web.servlet.mvc.support.ControllerClassNameHandlerMapping" />

	<bean
		class="org.springframework.web.servlet.view.InternalResourceViewResolver">
		<property name="prefix" value="/WEB-INF/jsp/" />
		<property name="suffix" value=".jsp" />
	</bean>

	<bean id="dataSourceBean" class="org.apache.commons.dbcp.BasicDataSource"
		destroy-method="close">
		<property name="driverClassName" value="com.mysql.jdbc.Driver" />
		<property name="url" value="jdbc:mysql://localhost/springtestdb" />
		<property name="username" value="root" />
		<property name="password" value="" />
	</bean>

	<bean id="sfBean"
		class="org.springframework.orm.hibernate3.annotation.AnnotationSessionFactoryBean">
		<property name="dataSource" ref="dataSourceBean" />
		<property name="annotatedClasses">
			<list>
				<value>com.tcs.model.User</value>
				<value>com.tcs.model.Book</value>
			</list>
		</property>
		<property name="hibernateProperties">
			<props>
				<prop key="hibernate.dialect">org.hibernate.dialect.MySQLDialect</prop>
				<prop key="hibernate.show_sql">true</prop>
			</props>
		</property>
	</bean>

	<bean id="hibTemplateBean" class="org.springframework.orm.hibernate3.HibernateTemplate">
		<property name="sessionFactory" ref="sfBean" />
	</bean>

	<!-- <bean id="UserRepositoryImpl" class="com.tcs.repository.UserRepositoryImpl"> -->
	<!-- <property name="hibernateTemplate" ref="hibTemplateBean"/> -->
	<!-- </bean> -->

</beans>
